SNP	CHR	POS	EFFECT_ALLELE	OTHER_ALLELE	BETA	SE	P	AF
rs100209	1	24988818	A	G	0.000156	0.010000	5.13e-01	0.1158
rs100475	1	85556318	T	A	0.032974	0.029225	9.94e-01	0.3014
rs100103	1	89548401	T	C	0.007348	0.005385	8.01e-01	0.0677
rs100354	1	96174928	T	C	0.043180	0.035506	5.30e-01	0.0875
rs100169	1	104393060	T	G	0.002706	0.003172	9.20e-01	0.2951
rs100409	1	123424341	G	A	0.020924	0.041627	1.42e-01	0.0788
rs100202	1	132699390	A	G	0.016553	0.015844	2.61e-01	0.3530
rs100405	1	133525857	A	T	0.002356	0.001937	4.95e-01	0.3642
rs100205	1	138691071	A	C	0.005071	0.008957	6.28e-01	0.3788
rs100313	1	151925413	T	A	0.019418	0.032835	7.12e-01	0.0582
rs100224	1	154109191	C	G	0.020976	0.018755	6.92e-01	0.3959
rs100332	1	166318344	T	G	0.011663	0.018548	8.78e-01	0.1436
rs100267	1	169130316	T	C	0.005507	0.001517	6.45e-05	0.1950
rs100262	1	176549364	C	T	0.002845	0.002465	2.39e-01	0.3674
rs100120	1	177186309	G	C	-0.001508	0.001143	2.82e-01	0.4981
rs100036	1	182622186	T	A	0.010980	0.015581	1.24e-01	0.2456
rs100179	1	201074668	G	A	0.014993	0.010988	1.21e-01	0.2370
rs100305	1	241308921	C	T	-0.020795	0.033328	8.42e-01	0.4031
rs100430	2	15281307	C	G	0.011633	0.009892	1.92e-02	0.1429
rs100285	2	33898974	A	G	-0.145131	0.042256	4.55e-04	0.0789
rs100356	2	34036486	G	T	0.121077	0.030647	2.15e-06	0.3586
rs100263	2	50363805	T	G	0.011666	0.009052	3.38e-01	0.0624
rs100239	2	62146428	T	G	-0.012935	0.016182	5.84e-01	0.2358
rs100483	2	64015616	G	T	-0.019263	0.018965	5.90e-01	0.1831
rs100047	2	64668474	C	A	0.036899	0.031969	9.65e-01	0.2336
rs100226	2	67784150	A	T	0.001408	0.001169	1.08e-01	0.3735
rs100477	2	77018601	G	T	-0.005730	0.006892	1.68e-01	0.1600
rs100336	2	81712244	A	T	0.010439	0.008994	9.80e-01	0.4710
rs100109	2	82757470	A	G	0.006842	0.007157	4.51e-01	0.1869
rs100191	2	93211800	G	T	-0.011173	0.014491	6.67e-02	0.3647
rs100473	2	106432300	A	G	-0.020363	0.014157	7.49e-01	0.3544
rs100222	2	148551166	T	G	0.000391	0.010000	5.63e-02	0.0979
rs100065	2	180764918	C	A	-0.005648	0.006849	5.11e-01	0.2459
rs100181	2	202472934	C	A	0.010333	0.010931	5.48e-01	0.2922
rs100107	2	224044894	T	G	0.010341	0.013320	5.92e-01	0.4862
rs100117	2	230486871	A	T	0.421666	0.088377	1.79e-04	0.4561
rs100058	2	230766620	A	G	-0.031290	0.028627	1.27e-01	0.2946
rs100032	2	231160553	C	A	-0.011065	0.002343	4.22e-04	0.4221
rs100089	3	2510599	G	T	-0.032715	0.037691	7.05e-01	0.4818
rs100245	3	16018964	G	C	-0.026772	0.023064	3.71e-01	0.4457
rs100326	3	37794173	T	C	-0.011893	0.003382	1.61e-04	0.2732
rs100236	3	42169692	A	C	-0.018584	0.013739	1.16e-01	0.1348
rs100423	3	47562300	C	T	-0.021081	0.040671	3.12e-01	0.1991
rs100251	3	61461429	T	A	-0.013831	0.021517	8.75e-01	0.1963
rs100293	3	63030657	A	G	0.054630	0.109137	5.74e-01	0.4515
rs100396	3	73052050	G	T	0.041872	0.040628	4.70e-01	0.4769
rs100141	3	76188333	A	G	0.014341	0.010040	1.76e-01	0.1023
rs100429	3	83334472	C	T	0.011717	0.013331	5.26e-01	0.3996
rs100260	3	84437556	C	G	0.085355	0.023409	3.40e-04	0.0817
rs100493	3	92567215	T	C	-0.006691	0.005892	8.89e-01	0.3140
rs100034	3	103295188	G	T	0.059647	0.059896	3.97e-01	0.0976
rs100416	3	106247812	T	G	0.002637	0.003533	8.39e-01	0.3219
rs100227	3	107574084	A	T	-0.035090	0.032064	4.72e-01	0.3350
rs100294	3	116503328	T	A	-0.018528	0.015492	9.36e-01	0.4606
rs100437	3	135448841	A	C	0.004497	0.004562	5.46e-01	0.2836
rs100418	3	137041813	T	A	0.023841	0.017943	5.18e-01	0.3802
rs100013	3	148197279	T	G	-0.025632	0.028589	6.55e-01	0.2957
rs100445	3	156437947	G	C	-0.010302	0.008074	9.69e-01	0.2603
rs100249	3	160544244	G	A	0.041583	0.038918	6.49e-01	0.2616
rs100431	3	173061337	T	A	0.013844	0.017645	5.87e-01	0.3253
rs100469	3	204857614	G	C	-0.005136	0.004007	3.20e-01	0.3578
rs100375	3	223287066	C	A	-0.036916	0.049048	8.02e-01	0.1747
rs100290	3	228654005	T	G	0.019570	0.013922	1.79e-01	0.2417
rs100106	3	237067067	T	C	0.005448	0.004286	3.50e-01	0.3444
rs100471	3	244421813	G	C	-0.017871	0.016732	6.92e-01	0.0639
rs100009	4	24906273	A	T	0.005569	0.007336	3.47e-01	0.3435
rs100063	4	26029666	C	T	0.021171	0.014553	6.40e-01	0.4380
rs100421	4	39320821	A	G	-0.011483	0.011936	6.10e-01	0.4023
rs100337	4	63038652	G	C	-0.025786	0.027131	7.59e-01	0.4649
rs100310	4	63684421	G	T	0.029669	0.032368	9.86e-01	0.2985
rs100111	4	94949884	G	T	-0.065556	0.091294	3.14e-01	0.0675
rs100378	4	110285603	T	G	-0.010911	0.009142	6.62e-02	0.2493
rs100295	4	119109054	T	C	0.013284	0.013756	3.94e-01	0.4461
rs100329	4	122090695	T	G	-0.035925	0.026418	3.23e-01	0.0615
rs100247	4	125825152	T	G	-0.024705	0.027823	1.65e-01	0.1358
rs100243	4	146189851	T	C	0.001254	0.001252	2.90e-01	0.1563
rs100125	4	160150876	C	T	-0.023719	0.037656	5.59e-01	0.3570
rs100353	4	177461308	C	A	-0.100203	0.033759	4.35e-05	0.4999
rs100002	4	181660134	T	A	0.015583	0.019119	1.67e-01	0.1571
rs100468	4	190975245	G	A	-0.032394	0.026751	8.11e-01	0.1781
rs100216	4	199425616	A	C	-0.002398	0.003484	9.69e-01	0.1606
rs100357	4	200172999	G	A	0.030514	0.053083	4.30e-01	0.3256
rs100261	4	207389255	G	T	-0.027084	0.033274	3.51e-01	0.2532
rs100340	4	223802782	G	T	-0.016054	0.011360	1.57e-01	0.0684
rs100369	4	228929806	G	C	-0.000122	0.010000	9.75e-01	0.1695
rs100257	4	230255975	G	C	0.013156	0.015290	2.81e-01	0.2615
rs100041	4	233688049	T	G	0.000957	0.010000	5.68e-01	0.4672
rs100083	4	238994681	T	C	-0.009503	0.006525	1.56e-01	0.3547
rs100318	4	242515584	G	A	0.020741	0.039160	7.38e-01	0.0965
rs100320	5	24204993	C	G	0.001865	0.001362	9.07e-01	0.2935
rs100049	5	34474821	G	T	-0.001148	0.001296	2.90e-01	0.3009
rs100352	5	34904497	A	G	-0.004483	0.003828	9.37e-01	0.2169
rs100160	5	62088781	G	T	0.024489	0.044441	9.70e-01	0.1455
rs100303	5	62337610	G	T	-0.009771	0.019287	5.03e-01	0.3957
rs100183	5	64043920	G	C	-0.021273	0.029695	6.50e-01	0.2697
rs100487	5	78197728	A	T	-0.039974	0.057792	7.26e-01	0.0778
rs100406	5	102071158	T	C	-0.004131	0.006093	7.44e-01	0.1599
rs100287	5	110062796	A	C	0.002583	0.002116	9.83e-01	0.4258
rs100195	5	116910190	T	C	-0.040881	0.079016	9.47e-01	0.1327
rs100223	5	171236831	A	T	0.158441	0.043886	4.74e-04	0.3544
rs100147	5	176119230	C	A	-0.026330	0.028261	9.39e-01	0.2580
rs100374	5	184377116	A	T	0.007130	0.012572	3.47e-01	0.0985
rs100161	5	189637944	A	C	0.077394	0.024710	3.06e-04	0.2557
rs100390	5	198912367	C	A	0.037449	0.026863	9.13e-01	0.2221
rs100478	5	203709870	C	T	-0.012448	0.016874	6.89e-01	0.1540
rs100351	5	211709944	G	A	-0.004151	0.003063	8.18e-02	0.3183
rs100151	5	215138630	G	T	-0.020831	0.032211	1.24e-02	0.2017
rs100229	5	217749292	A	G	0.150595	0.055517	8.67e-05	0.2381
rs100339	5	237686453	G	T	0.008306	0.012872	2.41e-01	0.2585
rs100244	5	243859841	A	G	-0.006219	0.009121	7.82e-01	0.1920
rs100112	5	248517833	A	C	-0.014650	0.014148	4.50e-01	0.1249
rs100175	6	13508178	C	G	0.029135	0.045150	4.06e-01	0.1178
rs100301	6	21207904	G	T	-0.030557	0.024593	9.60e-01	0.4914
rs100050	6	71160596	A	T	-0.003578	0.002424	5.58e-01	0.4557
rs100387	6	73365461	C	G	-0.005475	0.005071	1.46e-01	0.4465
rs100220	6	81149339	T	A	-0.018281	0.035625	5.72e-01	0.4183
rs100268	6	83426355	T	A	-0.025192	0.017364	4.46e-01	0.3626
rs100074	6	101739822	G	A	-0.033218	0.025231	3.49e-01	0.2128
rs100039	6	121805530	T	A	-0.029301	0.030230	5.52e-01	0.2914
rs100254	6	157133224	G	T	-0.071575	0.028527	3.48e-04	0.3227
rs100422	6	161715246	T	C	-0.021940	0.016044	9.94e-01	0.0889
rs100135	6	165236026	C	G	0.002975	0.002934	6.11e-01	0.4791
rs100007	6	187415367	C	T	-0.006992	0.012457	6.03e-01	0.2807
rs100114	6	197730018	C	G	0.018929	0.013583	6.90e-01	0.0820
rs100395	6	202527339	T	A	-0.007254	0.013768	3.48e-01	0.4396
rs100116	6	211369235	G	A	0.052617	0.013884	2.12e-04	0.2006
rs100498	6	217844750	A	C	-0.019277	0.014887	8.35e-02	0.4277
rs100171	6	225631520	A	T	0.014415	0.016417	9.99e-01	0.4862
rs100113	6	236613361	A	T	-0.004906	0.005077	5.28e-01	0.4539
rs100349	7	18427397	T	C	0.005379	0.004266	9.97e-01	0.1101
rs100189	7	20410148	A	C	0.001429	0.001205	9.24e-02	0.2295
rs100143	7	39565028	C	A	0.144559	0.036671	4.28e-05	0.3276
rs100004	7	62464433	T	A	-0.022813	0.045375	7.05e-01	0.2621
rs100265	7	71697363	G	C	-0.008402	0.006567	6.88e-01	0.2687
rs100219	7	79533054	G	C	-0.003804	0.003933	1.12e-01	0.4771
rs100077	7	79656901	A	C	0.004206	0.005357	2.92e-01	0.1512
rs100403	7	80921642	A	C	-0.028542	0.026015	4.58e-01	0.1182
rs100463	7	98751554	C	T	-0.015454	0.016940	6.73e-01	0.1974
rs100091	7	135807388	A	G	0.274980	0.057134	2.56e-05	0.2610
rs100086	7	179788197	A	G	0.008192	0.008222	7.40e-01	0.0626
rs100015	7	189142063	C	A	-0.007881	0.006764	5.70e-01	0.1236
rs100005	7	192215051	A	T	0.008160	0.007243	7.06e-01	0.3280
rs100217	7	198277676	C	T	0.224130	0.055337	4.43e-04	0.2140
rs100350	7	218262247	G	C	0.002249	0.002039	2.76e-01	0.2573
rs100118	7	219210797	C	T	-0.024297	0.021313	8.69e-01	0.2400
rs100182	7	225288779	T	A	-0.040277	0.032261	4.57e-01	0.1892
rs100056	8	1940277	T	A	0.005708	0.004908	6.84e-01	0.3936
rs100054	8	17196821	A	G	0.009935	0.008651	6.56e-02	0.0875
rs100230	8	31806599	G	T	-0.018600	0.019770	4.90e-02	0.4070
rs100215	8	32398316	G	C	0.025865	0.029854	9.01e-01	0.4979
rs100453	8	36937419	A	C	0.052853	0.041703	8.70e-01	0.4052
rs100031	8	37143144	A	T	-0.021919	0.024477	5.78e-01	0.4025
rs100072	8	44653798	C	T	-0.007185	0.006109	3.83e-01	0.4628
rs100067	8	51439568	T	C	0.006805	0.008296	5.01e-01	0.0898
rs100168	8	73275515	C	T	-0.009251	0.007116	5.26e-01	0.3269
rs100157	8	73721690	A	T	0.027769	0.027518	2.82e-01	0.3147
rs100144	8	127553440	G	A	0.350034	0.077917	2.52e-04	0.1269
rs100299	8	142593873	G	T	0.017908	0.015256	4.50e-01	0.1695
rs100281	8	153500761	A	T	-0.141980	0.046970	1.29e-04	0.3942
rs100360	8	165126485	T	A	-0.017161	0.011642	7.39e-01	0.0992
rs100333	8	173862863	T	A	0.043234	0.030640	5.23e-01	0.4103
rs100180	8	174531727	T	A	0.027639	0.018903	2.58e-01	0.3548
rs100142	8	180612212	A	G	-0.022931	0.018690	6.00e-01	0.4183
rs100438	8	189960754	C	T	-0.141710	0.041773	2.88e-04	0.1030
rs100206	8	193303571	C	T	0.027770	0.022702	2.07e-01	0.1737
rs100029	8	199991457	T	G	0.009472	0.009179	8.79e-01	0.0679
rs100024	8	220610954	G	A	-0.011529	0.017606	6.20e-01	0.4767
rs100199	8	223007658	G	A	-0.017347	0.027350	3.42e-01	0.1993
rs100343	8	229643162	A	G	0.013454	0.009822	9.28e-01	0.4646
rs100017	8	232604939	G	A	0.022416	0.037237	6.14e-01	0.4858
rs100150	8	246291480	G	A	0.007555	0.006386	6.13e-01	0.2929
rs100097	9	30995146	T	A	-0.021250	0.023968	3.02e-01	0.3127
rs100008	9	41746211	G	C	0.022154	0.021146	2.60e-01	0.2635
rs100104	9	43384331	G	T	-0.005925	0.008709	2.70e-01	0.0853
rs100124	9	47943933	A	G	-0.003205	0.004155	8.03e-01	0.3297
rs100398	9	57876353	G	A	0.005347	0.005788	8.66e-01	0.4275
rs100480	9	57899378	T	C	-0.028936	0.030300	9.93e-01	0.2861
rs100001	9	65747657	A	C	-0.000627	0.010000	3.37e-01	0.1755
rs100404	9	77707872	A	G	0.025075	0.017099	2.43e-01	0.0519
rs100087	9	106252954	T	C	-0.022537	0.015802	1.45e-01	0.4710
rs100018	9	121721401	A	G	0.020633	0.014838	1.32e-02	0.1977
rs100304	9	123375016	T	G	-0.002118	0.003105	4.59e-01	0.3486
rs100069	9	124195777	A	C	-0.032768	0.009520	1.25e-04	0.3213
rs100040	9	134385061	T	C	-0.012972	0.009678	8.43e-01	0.2876
rs100384	9	154118797	G	C	-0.014767	0.012116	6.72e-01	0.2332
rs100252	9	154695122	C	A	0.002005	0.003519	3.67e-01	0.2995
rs100366	9	167598951	C	G	-0.008626	0.011657	8.97e-01	0.4847
rs100020	9	188403455	T	A	-0.029867	0.056543	4.25e-01	0.3260
rs100444	9	194285772	G	C	0.035013	0.058147	4.48e-02	0.3679
rs100492	9	200616271	G	A	-0.039022	0.027407	2.49e-01	0.0738
rs100185	9	205872641	A	G	0.012068	0.008714	6.54e-01	0.3877
rs100275	9	207423401	C	T	-0.003081	0.002971	6.39e-01	0.1229
rs100011	9	216671847	T	A	0.012944	0.018812	7.20e-02	0.4129
rs100324	9	245373146	C	T	-0.013406	0.023255	5.48e-01	0.0565
rs100075	9	248720300	C	T	0.016947	0.016301	8.00e-01	0.4578
rs100312	10	5899365	C	T	0.039852	0.048662	8.83e-01	0.2060
rs100187	10	29027537	G	A	-0.009908	0.013542	4.39e-01	0.3689
rs100309	10	53486905	C	T	0.017671	0.017276	3.84e-02	0.3328
rs100137	10	56430484	G	T	-0.018008	0.031262	1.80e-01	0.3482
rs100158	10	62956391	C	G	-0.002534	0.002876	5.88e-01	0.4601
rs100482	10	63801063	A	G	0.015242	0.013992	7.18e-01	0.2867
rs100052	10	107113679	C	G	-0.004712	0.004544	8.92e-01	0.4971
rs100131	10	136139661	T	G	0.021795	0.040661	1.63e-01	0.1591
rs100271	10	136609291	C	G	-0.001351	0.001008	1.76e-01	0.3276
rs100133	10	148833967	A	C	0.007222	0.005854	8.66e-01	0.1443
rs100446	10	176118347	A	T	-0.004932	0.009544	8.69e-01	0.4751
rs100240	10	188716784	A	T	0.010333	0.010963	8.74e-01	0.2662
rs100393	10	193711942	T	G	-0.001295	0.001396	5.46e-01	0.3485
rs100166	10	202269439	C	T	-0.024148	0.019493	9.82e-01	0.3751
rs100464	10	208886080	G	T	0.004418	0.004393	9.14e-01	0.2520
rs100119	10	220271057	A	C	-0.006187	0.004247	1.72e-02	0.1319
rs100277	10	224818230	A	T	0.052589	0.039724	2.73e-01	0.3350
rs100454	10	226684518	T	A	0.001531	0.001347	3.75e-01	0.1592
rs100190	10	228258853	T	A	-0.055446	0.082327	9.54e-01	0.1081
rs100296	10	242521051	C	A	0.012515	0.010310	4.62e-02	0.1646
rs100355	11	4246202	G	C	-0.019936	0.019341	7.09e-01	0.2614
rs100079	11	15355186	T	A	0.117535	0.026935	3.35e-04	0.1070
rs100443	11	25378746	C	T	0.015835	0.012034	8.12e-01	0.4653
rs100038	11	29954558	C	G	-0.067080	0.025756	3.63e-04	0.1186
rs100495	11	35821865	G	A	-0.034109	0.043157	4.16e-01	0.3216
rs100426	11	40532318	A	T	-0.022724	0.017537	8.93e-01	0.4924
rs100176	11	56827125	C	T	-0.051562	0.065007	1.13e-01	0.2645
rs100417	11	59487796	A	G	0.004596	0.003566	4.27e-01	0.4030
rs100348	11	65392526	T	C	-0.006017	0.004394	4.66e-01	0.2874
rs100121	11	74796938	G	A	0.018275	0.016483	3.04e-01	0.4844
rs100204	11	75080252	T	G	-0.001554	0.001089	2.72e-01	0.3520
rs100126	11	117153591	G	A	0.001754	0.002586	8.50e-01	0.4842
rs100045	11	131169096	C	A	0.012765	0.012223	3.37e-01	0.2906
rs100279	11	148164203	C	T	-0.002695	0.001998	8.92e-01	0.1576
rs100250	11	162068147	A	G	0.001112	0.000772	5.87e-01	0.3168
rs100130	11	178086718	T	A	0.020239	0.038059	4.18e-01	0.3363
rs100177	11	204351043	C	T	-0.005348	0.007571	9.43e-02	0.4748
rs100452	11	205673491	A	T	0.071376	0.018887	3.47e-04	0.1586
rs100297	11	213723135	G	A	-0.011584	0.011598	8.68e-01	0.2192
rs100325	11	215894529	G	A	0.000297	0.010000	6.28e-01	0.1942
rs100371	11	222118656	C	T	0.021015	0.016482	8.49e-02	0.2934
rs100280	11	233441925	T	C	0.205621	0.068159	1.40e-04	0.4137
rs100456	11	235264892	T	C	0.024780	0.025856	1.38e-01	0.3452
rs100159	11	239730065	C	A	-0.022171	0.014801	9.27e-01	0.2146
rs100388	12	1649010	A	C	-0.001604	0.001431	4.68e-01	0.4624
rs100490	12	18177529	G	A	-0.014447	0.017186	3.50e-01	0.3065
rs100192	12	18520432	A	G	0.048793	0.092866	3.49e-01	0.4534
rs100331	12	29093935	G	C	-0.007384	0.006102	9.21e-02	0.1016
rs100110	12	56401990	T	C	-0.007783	0.005659	9.57e-01	0.1788
rs100342	12	58332886	C	T	0.022222	0.007660	1.56e-04	0.3826
rs100093	12	76510721	G	C	0.018157	0.020943	8.11e-01	0.0778
rs100451	12	82920605	A	C	-0.012004	0.008130	1.72e-01	0.3917
rs100019	12	95377253	T	C	-0.021430	0.026348	8.75e-01	0.3246
rs100298	12	100630638	A	T	0.031582	0.036124	3.02e-01	0.1831
rs100311	12	154309903	T	G	0.020754	0.015918	5.00e-02	0.4131
rs100122	12	172206443	G	T	-0.023196	0.016788	4.69e-01	0.0616
rs100043	12	204694934	T	C	-0.024912	0.023795	3.07e-01	0.0755
rs100383	12	226938198	A	G	-0.025652	0.038155	9.38e-01	0.4036
rs100010	12	227507537	T	G	0.030082	0.038344	9.91e-01	0.0543
rs100046	12	235890107	A	G	-0.063163	0.067445	2.97e-01	0.4260
rs100092	12	236465176	C	A	-0.036159	0.033609	9.94e-02	0.4087
rs100440	12	246416781	C	G	-0.039986	0.009308	3.30e-04	0.2091
rs100472	12	249781656	G	A	-0.001795	0.001657	7.05e-02	0.0621
rs100328	13	3746261	T	G	-0.043804	0.074428	8.02e-01	0.3449
rs100412	13	5608638	A	G	0.005967	0.007233	4.13e-01	0.0889
rs100474	13	21915792	A	G	0.044543	0.072562	8.02e-01	0.3835
rs100457	13	41416910	A	C	0.027088	0.036944	8.03e-01	0.3695
rs100025	13	71881145	C	A	0.008030	0.006773	4.38e-01	0.1292
rs100248	13	73090530	C	T	0.025888	0.024729	9.63e-02	0.2721
rs100345	13	74066361	A	C	0.023649	0.036342	7.76e-01	0.3287
rs100363	13	114436953	G	A	0.024689	0.020442	5.07e-01	0.4973
rs100232	13	120944054	C	T	-0.073876	0.018937	8.14e-05	0.2865
rs100165	13	128048272	G	A	0.038365	0.036328	6.48e-01	0.3701
rs100146	13	132718361	A	T	-0.007468	0.008680	1.96e-01	0.4210
rs100402	13	160890069	C	A	-0.015227	0.014156	5.94e-01	0.2809
rs100210	13	185710200	G	C	0.027202	0.005539	3.64e-04	0.3633
rs100066	13	195488346	A	G	0.129138	0.026367	1.17e-04	0.2440
rs100408	13	231338109	G	A	-0.005351	0.006685	9.27e-01	0.4460
rs100128	14	463998	G	C	0.003955	0.002802	9.42e-02	0.4362
rs100003	14	8541599	C	A	-0.024586	0.021984	8.89e-01	0.4069
rs100282	14	11726482	T	G	-0.007624	0.014230	8.15e-01	0.0636
rs100129	14	18793450	T	G	0.003215	0.002545	9.86e-01	0.1726
rs100269	14	25030655	A	C	0.011318	0.010360	4.36e-01	0.4812
rs100376	14	25931316	A	G	0.134083	0.038562	2.90e-05	0.3720
rs100399	14	29776746	T	G	-0.013982	0.011175	1.62e-01	0.3684
rs100335	14	31329958	A	C	0.004568	0.005207	7.49e-01	0.1030
rs100321	14	47158023	A	C	0.048438	0.016202	2.49e-04	0.3391
rs100489	14	50291694	T	A	0.044736	0.038176	9.77e-01	0.0747
rs100148	14	58754720	T	C	0.029516	0.024803	4.45e-01	0.4311
rs100178	14	67728622	G	A	0.112396	0.027889	4.30e-04	0.1426
rs100341	14	75102173	T	A	0.036480	0.026635	3.25e-02	0.2054
rs100373	14	83902407	C	G	-0.022076	0.016508	4.03e-01	0.3589
rs100132	14	87569056	G	T	0.015496	0.012746	9.87e-01	0.1615
rs100256	14	89481791	T	G	0.021718	0.017484	3.25e-01	0.4185
rs100194	14	97234110	G	T	0.008483	0.007855	8.68e-01	0.0796
rs100164	14	104559384	T	A	-0.012367	0.018117	3.05e-01	0.4300
rs100162	14	109424123	T	G	-0.004846	0.005347	8.91e-01	0.4002
rs100064	14	110364427	G	T	0.018393	0.017924	2.01e-01	0.4439
rs100238	14	120941166	C	T	-0.016909	0.017466	6.04e-01	0.0523
rs100397	14	130378821	C	T	0.009474	0.006819	9.14e-01	0.4273
rs100105	14	150577291	C	A	0.022475	0.025720	9.46e-01	0.3842
rs100415	14	158083933	G	T	0.009774	0.008725	1.23e-01	0.3092
rs100134	14	178500634	G	T	-0.000065	0.010000	3.37e-02	0.1466
rs100308	14	185314622	C	G	0.022451	0.030537	5.01e-01	0.3024
rs100258	14	186216608	C	T	-0.026477	0.021874	2.03e-01	0.4451
rs100076	14	186999857	A	T	0.017470	0.016930	4.22e-02	0.3627
rs100372	14	195863867	G	A	0.046242	0.049247	5.24e-01	0.2360
rs100441	14	207903808	T	G	-0.003119	0.003184	7.15e-01	0.0942
rs100193	14	220752774	A	T	0.021000	0.016578	1.39e-01	0.2301
rs100198	14	221666443	C	G	-0.020927	0.019465	4.86e-01	0.0668
rs100414	14	226699544	C	A	0.036466	0.035985	1.48e-02	0.0965
rs100379	14	233036710	G	A	-0.004348	0.004998	1.86e-01	0.1007
rs100145	14	237880565	T	C	0.035576	0.049814	3.85e-01	0.0808
rs100319	15	8966222	T	G	-0.006810	0.007680	4.07e-02	0.1392
rs100499	15	9937761	A	G	0.006298	0.010688	6.11e-01	0.2299
rs100459	15	11738597	C	T	0.003731	0.003085	2.77e-01	0.4871
rs100364	15	19737512	G	A	-0.017904	0.026507	4.04e-01	0.4864
rs100346	15	24618396	T	C	0.000875	0.010000	9.44e-01	0.4869
rs100286	15	26776155	A	T	-0.045501	0.045509	9.86e-02	0.1701
rs100436	15	27793573	T	G	-0.066965	0.021047	3.43e-04	0.1764
rs100270	15	31542078	G	C	0.034713	0.032546	6.78e-01	0.4046
rs100068	15	37639899	A	T	0.002124	0.000782	3.00e-04	0.2361
rs100028	15	38361800	A	G	0.002344	0.003594	7.78e-01	0.4804
rs100200	15	65471592	G	T	-0.018974	0.013485	6.90e-01	0.3607
rs100214	15	72733574	C	G	0.018642	0.015196	7.68e-01	0.3847
rs100392	15	91518569	G	C	-0.019004	0.018360	6.62e-01	0.4436
rs100307	15	92772064	T	G	0.015605	0.018919	6.82e-01	0.2529
rs100338	15	99602645	G	T	-0.013295	0.010379	6.09e-01	0.0883
rs100022	15	101869295	T	G	-0.007916	0.005627	4.28e-02	0.1011
rs100163	15	111618546	C	A	0.011674	0.008608	7.56e-01	0.4762
rs100139	15	118701366	T	C	-0.033391	0.025369	6.32e-01	0.3029
rs100035	15	142043050	T	G	-0.000640	0.010000	4.69e-01	0.0570
rs100012	15	143952632	G	A	-0.022657	0.017289	9.29e-01	0.1988
rs100278	15	144584123	C	T	-0.016080	0.019979	1.89e-01	0.4796
rs100006	15	158189802	A	G	0.027041	0.024295	3.93e-01	0.3092
rs100497	15	186677131	G	T	0.028751	0.022972	4.81e-01	0.3629
rs100358	15	208857358	T	G	-0.048403	0.035994	1.39e-01	0.2043
rs100070	15	216911819	C	A	0.009553	0.006513	7.45e-01	0.4982
rs100266	15	236460462	A	T	-0.001995	0.001463	6.52e-01	0.2511
rs100370	15	238405118	G	C	-0.028586	0.036436	7.54e-01	0.3133
rs100154	15	240852467	T	C	0.007157	0.006095	8.18e-01	0.3702
rs100470	15	243026285	G	C	0.009317	0.006610	5.19e-01	0.2689
rs100334	15	244121884	T	G	-0.140816	0.028803	4.26e-04	0.0739
rs100491	16	11696183	C	T	-0.050757	0.084113	6.86e-01	0.3303
rs100255	16	24502696	C	T	0.011304	0.013492	4.11e-01	0.0837
rs100203	16	56950488	C	G	0.015364	0.010249	9.47e-01	0.3048
rs100073	16	57387352	A	T	0.004043	0.006854	9.22e-01	0.1798
rs100060	16	57518755	T	C	0.030061	0.023117	3.20e-01	0.2078
rs100101	16	67419847	C	A	-0.024544	0.016401	8.15e-01	0.2938
rs100225	16	118247443	A	G	-0.029802	0.022755	7.16e-01	0.4368
rs100427	16	118714322	C	G	0.003121	0.002907	5.59e-01	0.3468
rs100155	16	120824681	A	G	0.201189	0.058385	3.19e-04	0.4778
rs100272	16	126770532	G	C	0.031819	0.023962	3.48e-01	0.3022
rs100080	16	134992870	A	C	-0.000965	0.010000	5.29e-01	0.4946
rs100253	16	139318294	C	T	-0.007254	0.013495	8.91e-01	0.4057
rs100485	16	160195916	T	A	0.042724	0.043259	5.81e-01	0.1022
rs100264	16	167891881	A	T	-0.019336	0.033565	9.34e-01	0.1660
rs100208	16	173393238	C	T	-0.030918	0.020621	8.58e-01	0.1585
rs100283	16	189318167	C	T	-0.042351	0.044232	8.02e-01	0.1276
rs100288	16	209799096	C	G	0.016209	0.011105	8.15e-01	0.3517
rs100140	16	213076723	T	C	-0.016587	0.012215	7.68e-01	0.4865
rs100062	16	216770825	A	T	-0.031979	0.032537	2.99e-01	0.3536
rs100048	16	219059574	T	A	0.000594	0.010000	5.01e-01	0.0521
rs100314	16	223573489	A	G	-0.009432	0.014578	2.50e-01	0.2005
rs100292	16	234188533	T	A	-0.028271	0.010408	3.25e-04	0.3969
rs100081	17	21514757	A	C	-0.011349	0.017041	4.88e-01	0.4872
rs100419	17	52060628	C	G	-0.028012	0.007952	2.03e-04	0.3776
rs100391	17	57759293	C	T	-0.039809	0.029629	5.54e-01	0.1468
rs100059	17	63898882	T	G	0.018618	0.012433	4.65e-01	0.2344
rs100276	17	71728614	G	A	0.011189	0.007585	7.71e-01	0.0505
rs100465	17	112393408	A	C	-0.164000	0.038981	3.73e-04	0.0543
rs100053	17	121204888	C	A	-0.047775	0.050448	8.13e-01	0.2693
rs100149	17	124711661	T	A	-0.031913	0.031052	5.17e-01	0.3799
rs100439	17	140334106	G	C	-0.005953	0.004553	5.84e-01	0.1239
rs100152	17	150045365	C	G	-0.020513	0.015301	7.55e-01	0.0658
rs100486	17	154373127	T	C	0.011275	0.011223	5.98e-01	0.3526
rs100368	17	162528017	A	T	-0.009313	0.009391	3.11e-01	0.2481
rs100042	17	163479196	A	C	-0.011126	0.013126	8.54e-01	0.4093
rs100196	17	174615833	T	G	-0.025323	0.032929	3.47e-01	0.1925
rs100323	17	245222292	A	G	-0.018595	0.023957	7.76e-01	0.2794
rs100044	17	246566221	T	A	0.003439	0.003633	5.90e-01	0.2743
rs100377	18	16111021	T	G	0.044878	0.083052	3.14e-01	0.3941
rs100237	18	20160073	A	C	0.000985	0.010000	7.04e-02	0.2469
rs100221	18	33989354	A	G	-0.041933	0.075101	1.34e-01	0.3844
rs100273	18	38837032	A	T	-0.035341	0.025171	3.52e-01	0.4789
rs100108	18	39763623	A	T	-0.013937	0.012536	7.19e-01	0.0649
rs100098	18	41737730	C	G	0.005186	0.004138	8.22e-01	0.3990
rs100023	18	58962498	A	G	-0.099410	0.027755	1.71e-04	0.3413
rs100462	18	64211304	C	G	0.012276	0.013644	4.84e-01	0.1050
rs100096	18	80373870	C	A	-0.021440	0.018925	5.98e-01	0.0611
rs100213	18	88806113	T	G	-0.008175	0.009527	8.40e-01	0.1445
rs100123	18	88902365	C	A	0.002900	0.004091	1.45e-01	0.2455
rs100496	18	90888087	T	C	-0.026937	0.035542	1.58e-01	0.4747
rs100448	18	101124081	A	G	0.026100	0.025597	4.71e-01	0.4528
rs100291	18	102017995	T	G	0.040753	0.031022	5.02e-01	0.1295
rs100212	18	142528271	C	G	-0.008138	0.011101	2.37e-01	0.2622
rs100094	18	188865060	T	G	-0.004456	0.003716	8.86e-01	0.0531
rs100167	18	200669709	G	C	-0.011114	0.014799	8.97e-01	0.1420
rs100037	18	201572225	T	G	0.026978	0.035169	1.99e-01	0.4491
rs100051	18	202749957	T	C	0.020005	0.014421	5.19e-01	0.2900
rs100207	18	203528274	T	C	0.019703	0.017365	9.69e-01	0.1075
rs100385	18	206016101	T	A	0.021706	0.042342	4.70e-01	0.2479
rs100197	18	207951230	C	T	-0.017762	0.013653	6.45e-01	0.2173
rs100407	18	223711815	A	G	-0.010022	0.010882	6.62e-01	0.2932
rs100136	18	223811397	G	A	-0.020467	0.017758	3.92e-01	0.2163
rs100455	18	224185770	T	A	-0.011342	0.009522	1.05e-01	0.2703
rs100322	18	235283099	T	G	0.030210	0.023390	4.69e-01	0.3509
rs100428	19	15088588	T	G	0.013351	0.020685	8.26e-01	0.1392
rs100090	19	26848513	T	A	0.002557	0.001742	4.34e-01	0.2882
rs100359	19	29283962	G	T	-0.004189	0.004083	5.61e-01	0.3360
rs100127	19	51033882	A	G	0.050885	0.070580	4.62e-01	0.4596
rs100030	19	115016828	C	T	0.025831	0.018959	6.81e-01	0.0861
rs100233	19	115123132	T	G	-0.014995	0.020318	1.04e-01	0.2794
rs100410	19	115245123	G	T	0.009401	0.011120	3.69e-01	0.0863
rs100381	19	136217519	A	C	-0.018661	0.035219	3.38e-01	0.2283
rs100055	19	148702176	T	C	0.024593	0.027181	6.74e-01	0.0666
rs100433	19	148808166	G	A	-0.015282	0.021133	3.05e-01	0.2379
rs100173	19	151512819	C	A	-0.057564	0.013718	2.14e-04	0.1140
rs100061	19	154685636	A	T	0.024759	0.020225	9.81e-02	0.3788
rs100228	19	168975544	C	A	-0.008773	0.006467	3.87e-01	0.1187
rs100425	19	172611805	T	G	0.014845	0.013926	4.06e-01	0.4584
rs100434	19	174986285	G	C	0.008222	0.008989	6.01e-01	0.1657
rs100389	19	176464606	A	T	0.028908	0.026364	1.72e-02	0.3003
rs100242	19	177494970	G	C	0.003870	0.004488	7.81e-01	0.3438
rs100188	19	181834027	C	T	-0.015954	0.016448	5.18e-01	0.1477
rs100078	19	197507944	T	A	-0.004801	0.001155	3.68e-04	0.4752
rs100424	19	203987968	G	T	-0.008715	0.009902	3.82e-01	0.3573
rs100218	19	204076752	A	G	-0.011792	0.009108	2.13e-01	0.3670
rs100026	19	235258142	A	G	0.016034	0.011080	2.12e-01	0.4632
rs100479	20	1419606	C	A	-0.024842	0.043943	6.71e-01	0.0523
rs100084	20	10678071	G	A	-0.079626	0.028341	3.02e-04	0.1861
rs100442	20	14066760	A	G	-0.042158	0.080622	4.48e-01	0.4893
rs100234	20	16177949	C	A	0.032140	0.035189	3.11e-01	0.3900
rs100082	20	18253105	G	C	-0.024334	0.020434	6.68e-01	0.2813
rs100394	20	22815481	C	A	-0.009216	0.008155	2.87e-01	0.2680
rs100466	20	37161072	A	G	0.034365	0.029350	6.03e-01	0.2730
rs100365	20	39828059	C	A	0.013178	0.016626	9.38e-01	0.3683
rs100099	20	56550466	A	G	-0.016503	0.032078	3.57e-01	0.2709
rs100461	20	76494758	A	T	-0.019571	0.025354	4.41e-01	0.3086
rs100380	20	83882363	A	G	0.030448	0.025615	9.69e-01	0.2928
rs100488	20	94718334	T	C	-0.018223	0.013184	7.47e-01	0.4039
rs100484	20	122715503	C	A	-0.010786	0.010056	6.63e-01	0.2250
rs100413	20	123516320	A	G	0.020978	0.014104	5.58e-01	0.2491
rs100435	20	127685694	A	C	-0.007134	0.012081	5.33e-01	0.3891
rs100432	20	136124981	C	T	0.020650	0.013984	2.81e-01	0.4169
rs100274	20	136439875	A	C	-0.015962	0.019492	2.22e-01	0.0683
rs100481	20	141682584	A	T	-0.012580	0.015279	1.58e-01	0.0703
rs100367	20	142430266	C	G	-0.023041	0.025890	3.99e-01	0.3237
rs100172	20	143387721	G	A	-0.029675	0.038779	2.30e-01	0.3985
rs100186	20	163016756	C	A	-0.000146	0.010000	3.37e-01	0.4985
rs100138	20	175756202	C	G	0.020403	0.033885	3.62e-01	0.0645
rs100201	20	179375476	C	T	-0.001932	0.001848	2.17e-01	0.4405
rs100289	20	185956475	G	T	0.000603	0.010000	2.98e-01	0.2422
rs100447	20	190286181	G	A	-0.005928	0.006068	2.67e-01	0.1743
rs100246	20	201056807	C	G	-0.003628	0.002566	1.31e-01	0.3838
rs100231	20	212272874	T	C	0.081849	0.018063	2.21e-05	0.3896
rs100315	20	215276970	A	G	0.006095	0.004631	4.11e-01	0.1909
rs100458	20	217186019	T	C	0.007569	0.006251	7.05e-01	0.3373
rs100153	20	218786643	G	T	-0.030552	0.056120	7.90e-01	0.1862
rs100014	20	237696642	T	G	-0.011141	0.012765	8.47e-01	0.2372
rs100362	21	8371936	G	A	-0.008330	0.009244	1.09e-01	0.1505
rs100057	21	15813806	A	C	-0.000170	0.010000	3.57e-02	0.3138
rs100000	21	29895207	T	A	-0.034108	0.034736	7.92e-01	0.0552
rs100033	21	42954840	G	T	0.005632	0.004155	8.13e-01	0.4353
rs100021	21	45949680	A	C	-0.037584	0.009750	4.56e-04	0.3015
rs100316	21	51048167	T	G	0.031217	0.028438	6.12e-01	0.3968
rs100235	21	56656645	T	G	-0.018639	0.013188	6.29e-01	0.3758
rs100156	21	74450198	G	T	-0.047122	0.017215	4.06e-04	0.4148
rs100088	21	80539852	C	T	0.007971	0.005579	4.18e-01	0.2471
rs100476	21	90013818	A	C	0.006492	0.006604	5.41e-01	0.3389
rs100411	21	112133868	A	G	-0.022369	0.034542	8.52e-01	0.3682
rs100102	21	113712755	A	G	0.036850	0.026187	9.55e-01	0.4314
rs100174	21	115064864	G	C	-0.012558	0.024278	9.19e-01	0.3659
rs100467	21	129017571	T	G	0.044383	0.061642	8.15e-01	0.0834
rs100027	21	134021371	G	T	0.025772	0.023941	1.72e-01	0.1106
rs100095	21	141996436	T	A	0.032118	0.041973	6.69e-01	0.4747
rs100071	21	145122968	C	A	-0.012249	0.012524	6.79e-01	0.4710
rs100347	21	160305147	C	A	-0.016631	0.018785	7.19e-01	0.1647
rs100420	21	218794831	A	C	0.144723	0.041366	3.42e-05	0.4632
rs100184	22	30716183	G	C	0.008656	0.005863	1.40e-01	0.0648
rs100016	22	61185976	A	G	0.018797	0.033593	3.94e-01	0.4985
rs100241	22	62669224	T	G	0.015668	0.013349	1.76e-01	0.1030
rs100302	22	64657255	G	T	0.007790	0.005851	7.28e-02	0.0868
rs100330	22	70383417	G	T	-0.005036	0.004160	7.82e-01	0.4437
rs100401	22	82800700	C	A	-0.039594	0.035712	2.29e-01	0.0767
rs100344	22	98615726	A	G	-0.028616	0.022550	5.85e-01	0.4619
rs100327	22	106689335	A	G	-0.124601	0.027875	1.11e-04	0.4058
rs100259	22	107505582	G	A	-0.011466	0.009901	5.10e-01	0.3224
rs100450	22	113667281	A	G	0.017858	0.029494	3.00e-02	0.3122
rs100382	22	129446731	A	C	0.026447	0.019444	5.79e-02	0.1797
rs100361	22	139985995	C	G	0.159396	0.054809	3.26e-05	0.3895
rs100306	22	146736321	A	C	0.000575	0.010000	1.31e-01	0.4037
rs100211	22	156120139	C	G	-0.002096	0.001454	8.91e-01	0.3959
rs100085	22	156688336	C	G	-0.000650	0.010000	8.41e-01	0.4444
rs100400	22	159228262	G	T	-0.036287	0.030448	5.05e-01	0.0960
rs100494	22	168656444	T	A	0.043949	0.013808	2.82e-04	0.1686
rs100100	22	170261954	T	G	-0.037890	0.044451	8.22e-01	0.0552
rs100317	22	182775647	T	C	0.010536	0.007479	5.06e-01	0.2363
rs100449	22	188674725	T	A	-0.014570	0.010085	2.70e-01	0.2293
rs100460	22	193172308	G	C	0.005126	0.004899	8.35e-01	0.3072
rs100284	22	212716552	G	C	0.204585	0.065057	3.04e-04	0.1734
rs100300	22	212750326	A	C	-0.014888	0.018837	3.65e-01	0.4685
rs100170	22	214259699	G	T	-0.025230	0.026753	4.37e-01	0.1923
rs100386	22	222666685	A	G	0.001721	0.001804	7.55e-01	0.3222
rs100115	22	231955420	G	C	-0.024643	0.018863	2.03e-01	0.0931
